Series Name,Series Code,Country Name,Country Code,2009 [YR2009],2010 [YR2010],2011 [YR2011]
GDP growth (annual %),NY.GDP.MKTP.KD.ZG,Afghanistan,AFG,21.3905283931067,14.3624414692682,0.426354784529352
GDP growth (annual %),NY.GDP.MKTP.KD.ZG,Albania,ALB,3.35428934987461,3.70693815255319,2.54540614450104
GDP growth (annual %),NY.GDP.MKTP.KD.ZG,Algeria,DZA,1.59999999900511,3.60000000078881,2.89999999818835
GDP growth (annual %),NY.GDP.MKTP.KD.ZG,American Samoa,ASM,-4.16666666666666,0.299850074962521,0
GDP growth (annual %),NY.GDP.MKTP.KD.ZG,Andorra,AND,-5.30284654348291,-1.97495799965345,-0.00806975341139093
GDP growth (annual %),NY.GDP.MKTP.KD.ZG,Angola,AGO,0.860000002152788,4.39837593810763,3.47205314798103
GDP growth (annual %),NY.GDP.MKTP.KD.ZG,Antigua and Barbuda,ATG,-11.9626972488343,-7.84059474412177,-1.95861262834343
GDP growth (annual %),NY.GDP.MKTP.KD.ZG,Argentina,ARG,-5.91852507634947,10.1253981561002,6.00395169280579
GDP growth (annual %),NY.GDP.MKTP.KD.ZG,Armenia,ARM,-14.1000000006998,2.2000000002151,4.69999999867412
GDP growth (annual %),NY.GDP.MKTP.KD.ZG,Aruba,ABW,-11.6777420291428,-2.73345570739019,3.36923812209224
GDP growth (annual %),NY.GDP.MKTP.KD.ZG,Australia,AUS,1.89257360858259,2.22653807797504,2.40897178005686
GDP growth (annual %),NY.GDP.MKTP.KD.ZG,Austria,AUT,-3.76457817791677,1.83709367680054,2.92279728368581
GDP growth (annual %),NY.GDP.MKTP.KD.ZG,Azerbaijan,AZE,9.29636374447091,5.04894451349574,0.10000013782458
GDP growth (annual %),NY.GDP.MKTP.KD.ZG,"Bahamas, The",BHS,-4.17542805647342,1.53866248693835,0.613170735890648
GDP growth (annual %),NY.GDP.MKTP.KD.ZG,Bahrain,BHR,2.53988593585052,4.33429917283131,1.98351501159991
GDP growth (annual %),NY.GDP.MKTP.KD.ZG,Bangladesh,BGD,5.04512479919337,5.57178818533122,6.46437912497728
GDP growth (annual %),NY.GDP.MKTP.KD.ZG,Barbados,BRB,-5.03548496113552,-2.27218807289982,-0.748154442029076
GDP growth (annual %),NY.GDP.MKTP.KD.ZG,Belarus,BLR,0.199995249384855,7.79826683524436,5.37870750437234
GDP growth (annual %),NY.GDP.MKTP.KD.ZG,Belgium,BEL,-2.02074306169408,2.86429270764155,1.69451389861332
GDP growth (annual %),NY.GDP.MKTP.KD.ZG,Belize,BLZ,-0.450692253865967,1.23995291537476,-0.298181524565479
GDP growth (annual %),NY.GDP.MKTP.KD.ZG,Benin,BEN,2.31929213912838,2.11406472648392,2.96375291904201
GDP growth (annual %),NY.GDP.MKTP.KD.ZG,Bermuda,BMU,-5.6266977105161,-2.50287828947368,-3.74274431740703
GDP growth (annual %),NY.GDP.MKTP.KD.ZG,Bhutan,BTN,6.74833374849757,11.945895998376,7.98261704055838
GDP growth (annual %),NY.GDP.MKTP.KD.ZG,Bolivia,BOL,3.35699957430565,4.1267225910567,5.204092443086
GDP growth (annual %),NY.GDP.MKTP.KD.ZG,Bosnia and Herzegovina,BIH,-3.00445593013346,0.865669260237084,0.959511247241267
GDP growth (annual %),NY.GDP.MKTP.KD.ZG,Botswana,BWA,-14.1442346163423,10.1222091179732,6.83852974803483
GDP growth (annual %),NY.GDP.MKTP.KD.ZG,Brazil,BRA,-0.125812002161169,7.52822581815364,3.97442307944702
GDP growth (annual %),NY.GDP.MKTP.KD.ZG,British Virgin Islands,VGB,..,..,..
GDP growth (annual %),NY.GDP.MKTP.KD.ZG,Brunei Darussalam,BRN,-1.76453554132601,2.59896574643226,3.74531835205994
GDP growth (annual %),NY.GDP.MKTP.KD.ZG,Bulgaria,BGR,-3.34714226298303,1.55535951301474,2.09017569644121
GDP growth (annual %),NY.GDP.MKTP.KD.ZG,Burkina Faso,BFA,2.96195085866692,8.44628157707625,6.62256261306693
GDP growth (annual %),NY.GDP.MKTP.KD.ZG,Burundi,BDI,3.81274536633418,5.12415999439806,4.03259998844415
GDP growth (annual %),NY.GDP.MKTP.KD.ZG,Cabo Verde,CPV,-1.50358672385678,1.83641914989978,3.92471821338283
GDP growth (annual %),NY.GDP.MKTP.KD.ZG,Cambodia,KHM,0.0866969592693891,5.96307857286416,7.06956994629047
GDP growth (annual %),NY.GDP.MKTP.KD.ZG,Cameroon,CMR,2.57925177738754,2.89902472122014,3.37921128506045
GDP growth (annual %),NY.GDP.MKTP.KD.ZG,Canada,CAN,-2.92595564732009,3.08991946152595,3.14610049123631
GDP growth (annual %),NY.GDP.MKTP.KD.ZG,Cayman Islands,CYM,-7.20048244664706,-2.71563526217577,1.16906219839106
GDP growth (annual %),NY.GDP.MKTP.KD.ZG,Central African Republic,CAF,8.58726042640994,4.63081843223307,4.19461533741989
GDP growth (annual %),NY.GDP.MKTP.KD.ZG,Chad,TCD,4.21769555189633,13.5501008595489,0.0828697984381961
GDP growth (annual %),NY.GDP.MKTP.KD.ZG,Channel Islands,CHI,..,..,..
GDP growth (annual %),NY.GDP.MKTP.KD.ZG,Chile,CHL,-1.1180372326977,5.85165101730949,6.22389678693851
GDP growth (annual %),NY.GDP.MKTP.KD.ZG,China,CHN,9.3987256316321,10.6358710659572,9.55083217884199
GDP growth (annual %),NY.GDP.MKTP.KD.ZG,Colombia,COL,1.13964864548062,4.49465897070922,6.94789198173555
GDP growth (annual %),NY.GDP.MKTP.KD.ZG,Comoros,COM,3.24074072826829,3.77776674982255,4.1435066947591
GDP growth (annual %),NY.GDP.MKTP.KD.ZG,"Congo, Dem. Rep.",COD,2.85506401011484,7.10797657581392,6.8746708900163
GDP growth (annual %),NY.GDP.MKTP.KD.ZG,"Congo, Rep.",COG,11.6372888615758,9.93126543095578,2.20591936286718
GDP growth (annual %),NY.GDP.MKTP.KD.ZG,Costa Rica,CRI,-0.87345594081205,5.36034347694341,4.40315923935717
GDP growth (annual %),NY.GDP.MKTP.KD.ZG,Cote d'Ivoire,CIV,3.60332156667053,6.84804939907013,-5.37044724000579
GDP growth (annual %),NY.GDP.MKTP.KD.ZG,Croatia,HRV,-7.2179072545037,-1.24307134590256,-0.0829442867532464
GDP growth (annual %),NY.GDP.MKTP.KD.ZG,Cuba,CUB,1.4513054307407,2.39035229650723,2.80230083647626
GDP growth (annual %),NY.GDP.MKTP.KD.ZG,Curacao,CUW,-0.531308242338184,0.0823066088131412,0.508457572414372
GDP growth (annual %),NY.GDP.MKTP.KD.ZG,Cyprus,CYP,-2.01526235906867,2.01469570699406,0.401437941132741
GDP growth (annual %),NY.GDP.MKTP.KD.ZG,Czechia,CZE,-4.65733109171755,2.43490215904518,1.76035962445222
GDP growth (annual %),NY.GDP.MKTP.KD.ZG,Denmark,DNK,-4.90654772965155,1.87099114718497,1.33677776690328
GDP growth (annual %),NY.GDP.MKTP.KD.ZG,Djibouti,DJI,..,..,..
GDP growth (annual %),NY.GDP.MKTP.KD.ZG,Dominica,DMA,-1.16959064327486,0.672634400445048,-0.22355068823471
GDP growth (annual %),NY.GDP.MKTP.KD.ZG,Dominican Republic,DOM,0.946155167790621,8.33965105962218,3.13342300326755
GDP growth (annual %),NY.GDP.MKTP.KD.ZG,Ecuador,ECU,0.566491592100093,3.52529866894027,7.86814091910996
GDP growth (annual %),NY.GDP.MKTP.KD.ZG,"Egypt, Arab Rep.",EGY,4.67359979952391,5.1472348575531,1.7645719489982
GDP growth (annual %),NY.GDP.MKTP.KD.ZG,El Salvador,SLV,-2.10876803551609,2.15419501133786,3.77358490566037
GDP growth (annual %),NY.GDP.MKTP.KD.ZG,Equatorial Guinea,GNQ,1.34335628806095,-8.92417588851806,6.52392362989873
GDP growth (annual %),NY.GDP.MKTP.KD.ZG,Eritrea,ERI,3.8765015275421,2.19419034888082,8.67980010138049
GDP growth (annual %),NY.GDP.MKTP.KD.ZG,Estonia,EST,-14.6290550324223,2.44426511799784,7.26308458128695
GDP growth (annual %),NY.GDP.MKTP.KD.ZG,Eswatini,SWZ,1.56504885243515,3.79375496828149,2.247229761068
GDP growth (annual %),NY.GDP.MKTP.KD.ZG,Ethiopia,ETH,8.80255319782566,12.5505383459308,11.1782962271641
GDP growth (annual %),NY.GDP.MKTP.KD.ZG,Faroe Islands,FRO,-4.30300216202099,-0.576939114349187,3.70819417120374
GDP growth (annual %),NY.GDP.MKTP.KD.ZG,Fiji,FJI,-1.38603770763581,2.95467242212241,2.70514302901049
GDP growth (annual %),NY.GDP.MKTP.KD.ZG,Finland,FIN,-8.0744474323113,3.18595865407703,2.54766483842627
GDP growth (annual %),NY.GDP.MKTP.KD.ZG,France,FRA,-2.87331382849631,1.94943762312663,2.19270063266654
GDP growth (annual %),NY.GDP.MKTP.KD.ZG,French Polynesia,PYF,-4.23139183069446,-2.4660641898174,-2.96195745427229
GDP growth (annual %),NY.GDP.MKTP.KD.ZG,Gabon,GAB,0.130331119816617,7.08988731455126,7.09175334258654
GDP growth (annual %),NY.GDP.MKTP.KD.ZG,"Gambia, The",GMB,6.6657243078367,5.90833580968288,-8.13044422315659
GDP growth (annual %),NY.GDP.MKTP.KD.ZG,Georgia,GEO,-3.65051363069394,6.23231018305886,7.36066161833176
GDP growth (annual %),NY.GDP.MKTP.KD.ZG,Germany,DEU,-5.69383633640285,4.17988249873657,3.92519270463411
GDP growth (annual %),NY.GDP.MKTP.KD.ZG,Ghana,GHA,4.84448705175076,7.89971194051621,14.0471235803149
GDP growth (annual %),NY.GDP.MKTP.KD.ZG,Gibraltar,GIB,..,..,..
GDP growth (annual %),NY.GDP.MKTP.KD.ZG,Greece,GRC,-4.30073348668201,-5.47780804926842,-10.1493148298685
GDP growth (annual %),NY.GDP.MKTP.KD.ZG,Greenland,GRL,0.865952328886948,1.73582505889665,-0.496519391959083
GDP growth (annual %),NY.GDP.MKTP.KD.ZG,Grenada,GRD,-6.61328134799545,-0.511146187173722,0.764773550338731
GDP growth (annual %),NY.GDP.MKTP.KD.ZG,Guam,GUM,0.438683948155543,2.26325193567601,0.0776548243059523
GDP growth (annual %),NY.GDP.MKTP.KD.ZG,Guatemala,GTM,0.476898106596394,2.88417542800377,4.16390688293349
GDP growth (annual %),NY.GDP.MKTP.KD.ZG,Guinea,GIN,-1.12264204848687,4.81336016860719,5.61211177615068
GDP growth (annual %),NY.GDP.MKTP.KD.ZG,Guinea-Bissau,GNB,3.36897495773184,4.61097090010318,8.08477973398716
GDP growth (annual %),NY.GDP.MKTP.KD.ZG,Guyana,GUY,3.61150847218585,4.13844160137342,5.19625156051602
GDP growth (annual %),NY.GDP.MKTP.KD.ZG,Haiti,HTI,5.89037894844316,-5.65151153448299,5.09821354410036
GDP growth (annual %),NY.GDP.MKTP.KD.ZG,Honduras,HND,-2.43162787988011,3.73114034433009,3.83569066207505
GDP growth (annual %),NY.GDP.MKTP.KD.ZG,"Hong Kong SAR, China",HKG,-2.45905568784876,6.76769054741861,4.81473243766588
GDP growth (annual %),NY.GDP.MKTP.KD.ZG,Hungary,HUN,-6.59786721850169,1.0762540427767,1.86683747544298
GDP growth (annual %),NY.GDP.MKTP.KD.ZG,Iceland,ISL,-7.66380956025947,-2.83277491540855,1.84577915624217
GDP growth (annual %),NY.GDP.MKTP.KD.ZG,India,IND,7.86188883244891,8.49758470212609,5.24131500151445
GDP growth (annual %),NY.GDP.MKTP.KD.ZG,Indonesia,IDN,4.62887118346032,6.2238541798264,6.16978420771008
GDP growth (annual %),NY.GDP.MKTP.KD.ZG,"Iran, Islamic Rep.",IRN,1.00738546285622,5.79793829590261,2.64571792008958
GDP growth (annual %),NY.GDP.MKTP.KD.ZG,Iraq,IRQ,3.37929909442771,6.40256484471193,7.546471200426
GDP growth (annual %),NY.GDP.MKTP.KD.ZG,Ireland,IRL,-5.0957831845721,1.68297202204354,1.28075209135081
GDP growth (annual %),NY.GDP.MKTP.KD.ZG,Isle of Man,IMN,2.10000027181374,3.39999842395957,1.99999938207415
GDP growth (annual %),NY.GDP.MKTP.KD.ZG,Israel,ISR,0.883120393565378,5.66851511790733,5.56113907589013
GDP growth (annual %),NY.GDP.MKTP.KD.ZG,Italy,ITA,-5.2809372082931,1.71329583916922,0.707333347034435
GDP growth (annual %),NY.GDP.MKTP.KD.ZG,Jamaica,JAM,-4.3453018579464,-1.45714720947502,1.73037626746921
GDP growth (annual %),NY.GDP.MKTP.KD.ZG,Japan,JPN,-5.69323635882266,4.09791791930137,0.0238095237748297
GDP growth (annual %),NY.GDP.MKTP.KD.ZG,Jordan,JOR,5.02371007272669,2.31483422063046,2.73717988632104
GDP growth (annual %),NY.GDP.MKTP.KD.ZG,Kazakhstan,KAZ,1.19999999942873,7.30000000329814,7.40000000144188
GDP growth (annual %),NY.GDP.MKTP.KD.ZG,Kenya,KEN,3.30693981631089,8.05847360290906,5.1211061197056
GDP growth (annual %),NY.GDP.MKTP.KD.ZG,Kiribati,KIR,0.802819886903677,-1.12026026125162,1.76257601036156
GDP growth (annual %),NY.GDP.MKTP.KD.ZG,"Korea, Dem. People's Rep.",PRK,..,..,..
GDP growth (annual %),NY.GDP.MKTP.KD.ZG,"Korea, Rep.",KOR,0.792698989518186,6.80482491783671,3.68566778212526
GDP growth (annual %),NY.GDP.MKTP.KD.ZG,Kosovo,XKX,5.03485413839893,4.93995054897727,6.31981068675161
GDP growth (annual %),NY.GDP.MKTP.KD.ZG,Kuwait,KWT,-7.07605643073411,-2.37026412020438,9.6284069747757
GDP growth (annual %),NY.GDP.MKTP.KD.ZG,Kyrgyz Republic,KGZ,2.88629457537593,-0.471566601130064,5.95627430862645
GDP growth (annual %),NY.GDP.MKTP.KD.ZG,Lao PDR,LAO,7.50177491225853,8.52690551739717,8.03865268023725
GDP growth (annual %),NY.GDP.MKTP.KD.ZG,Latvia,LVA,-14.2601400377132,-4.455567259981,2.57371236333377
GDP growth (annual %),NY.GDP.MKTP.KD.ZG,Lebanon,LBN,10.232155577776,7.97513555844932,0.86733987855277
GDP growth (annual %),NY.GDP.MKTP.KD.ZG,Lesotho,LSO,-1.25375779920832,5.26967078056286,4.61641394528752
GDP growth (annual %),NY.GDP.MKTP.KD.ZG,Liberia,LBR,5.30054050291531,6.09982524004147,8.20076822497064
GDP growth (annual %),NY.GDP.MKTP.KD.ZG,Libya,LBY,-4.4001817631021,5.0272476723775,-50.3385151384986
GDP growth (annual %),NY.GDP.MKTP.KD.ZG,Liechtenstein,LIE,-1.15748291975636,..,..
GDP growth (annual %),NY.GDP.MKTP.KD.ZG,Lithuania,LTU,-14.8386083735986,1.65124065328366,6.03900816040344
GDP growth (annual %),NY.GDP.MKTP.KD.ZG,Luxembourg,LUX,-3.23895402683188,3.76041359255095,1.04429869455731
GDP growth (annual %),NY.GDP.MKTP.KD.ZG,"Macao SAR, China",MAC,1.27440707233202,25.1225945599347,21.616648080154
GDP growth (annual %),NY.GDP.MKTP.KD.ZG,Madagascar,MDG,-3.9787086116544,0.619239744622121,1.57842705366555
GDP growth (annual %),NY.GDP.MKTP.KD.ZG,Malawi,MWI,8.32810985214307,6.87406585401583,4.93266999845889
GDP growth (annual %),NY.GDP.MKTP.KD.ZG,Malaysia,MYS,-1.51352871598714,7.42484738326097,5.29391283414003
GDP growth (annual %),NY.GDP.MKTP.KD.ZG,Maldives,MDV,-8.15776322638922,6.83547139396723,8.57269902359177
GDP growth (annual %),NY.GDP.MKTP.KD.ZG,Mali,MLI,4.80632226697864,5.31393527895875,3.21313378044307
GDP growth (annual %),NY.GDP.MKTP.KD.ZG,Malta,MLT,-1.13387365460049,5.5436400107222,0.467050564252716
GDP growth (annual %),NY.GDP.MKTP.KD.ZG,Marshall Islands,MHL,3.69821916480055,5.44676450566732,-0.214165889292744
GDP growth (annual %),NY.GDP.MKTP.KD.ZG,Mauritania,MRT,0.0978758719728035,2.62022952055378,4.17278328304418
GDP growth (annual %),NY.GDP.MKTP.KD.ZG,Mauritius,MUS,3.31507699790781,4.37720322344293,4.07753806610333
GDP growth (annual %),NY.GDP.MKTP.KD.ZG,Mexico,MEX,-6.29525055291316,4.9713345620779,3.44404507835114
GDP growth (annual %),NY.GDP.MKTP.KD.ZG,"Micronesia, Fed. Sts.",FSM,1.09309924105246,2.25938995585932,3.18857475473928
GDP growth (annual %),NY.GDP.MKTP.KD.ZG,Moldova,MDA,-6.00000026352828,7.10000010705836,5.81816614684824
GDP growth (annual %),NY.GDP.MKTP.KD.ZG,Monaco,MCO,-11.3344849924422,2.06522003847931,7.02235796606936
GDP growth (annual %),NY.GDP.MKTP.KD.ZG,Mongolia,MNG,-1.26859893608282,6.3651616786311,17.2907775869555
GDP growth (annual %),NY.GDP.MKTP.KD.ZG,Montenegro,MNE,-5.79509699477244,2.73433108233829,3.22845102061061
GDP growth (annual %),NY.GDP.MKTP.KD.ZG,Morocco,MAR,3.74576940136258,3.49955709403216,5.52464523319847
GDP growth (annual %),NY.GDP.MKTP.KD.ZG,Mozambique,MOZ,5.92897187460815,6.67972935662864,7.13405842300445
GDP growth (annual %),NY.GDP.MKTP.KD.ZG,Myanmar,MMR,10.5500090960818,9.6344394521787,5.59148237819613
GDP growth (annual %),NY.GDP.MKTP.KD.ZG,Namibia,NAM,0.295970914001089,6.03924947955858,5.09133813864338
GDP growth (annual %),NY.GDP.MKTP.KD.ZG,Nauru,NRU,-6.06060606060606,-1.61290322580645,9.8360655737705
GDP growth (annual %),NY.GDP.MKTP.KD.ZG,Nepal,NPL,4.5330787246486,4.81641464694573,3.42180870116162
GDP growth (annual %),NY.GDP.MKTP.KD.ZG,Netherlands,NLD,-3.66688393735825,1.34273933636553,1.55118931244651
GDP growth (annual %),NY.GDP.MKTP.KD.ZG,New Caledonia,NCL,..,..,..
GDP growth (annual %),NY.GDP.MKTP.KD.ZG,New Zealand,NZL,-0.112067630234833,1.46675116493462,2.22157982285107
GDP growth (annual %),NY.GDP.MKTP.KD.ZG,Nicaragua,NIC,-3.29356384667199,4.41048139816023,6.31747638326586
GDP growth (annual %),NY.GDP.MKTP.KD.ZG,Niger,NER,1.96260090694645,8.57816674262253,2.35775693603874
GDP growth (annual %),NY.GDP.MKTP.KD.ZG,Nigeria,NGA,8.03692510099067,8.00565591628646,5.30792420289512
GDP growth (annual %),NY.GDP.MKTP.KD.ZG,North Macedonia,MKD,-0.358614856979671,3.35875085773812,2.33988604520331
GDP growth (annual %),NY.GDP.MKTP.KD.ZG,Northern Mariana Islands,MNP,-17.5732217573222,1.3959390862944,-7.38423028785982
GDP growth (annual %),NY.GDP.MKTP.KD.ZG,Norway,NOR,-1.94036469505112,0.787051845495441,1.10565602733728
GDP growth (annual %),NY.GDP.MKTP.KD.ZG,Oman,OMN,6.1123956079346,1.71398531148034,2.89460973541192
GDP growth (annual %),NY.GDP.MKTP.KD.ZG,Pakistan,PAK,3.47255059567348,1.50171752152883,2.68011685421705
GDP growth (annual %),NY.GDP.MKTP.KD.ZG,Palau,PLW,-6.59047260534193,0.21609349236023,6.68366753808544
GDP growth (annual %),NY.GDP.MKTP.KD.ZG,Panama,PAN,1.24299212683259,5.82799344815517,11.3136259692698
GDP growth (annual %),NY.GDP.MKTP.KD.ZG,Papua New Guinea,PNG,6.80042148322096,10.1284540720232,1.10754362619616
GDP growth (annual %),NY.GDP.MKTP.KD.ZG,Paraguay,PRY,-0.261137328080281,11.0952312685521,4.28637120702282
GDP growth (annual %),NY.GDP.MKTP.KD.ZG,Peru,PER,1.0958236592427,8.33245910749577,6.32719240161117
GDP growth (annual %),NY.GDP.MKTP.KD.ZG,Philippines,PHL,1.44832306275669,7.33449996514402,3.85823282420755
GDP growth (annual %),NY.GDP.MKTP.KD.ZG,Poland,POL,2.83218405318897,2.93463818052832,5.04218788292943
GDP growth (annual %),NY.GDP.MKTP.KD.ZG,Portugal,PRT,-3.12207942033321,1.73762547590566,-1.69616478061504
GDP growth (annual %),NY.GDP.MKTP.KD.ZG,Puerto Rico,PRI,-1.9524251417231,-0.413254118484915,-0.358510628287519
GDP growth (annual %),NY.GDP.MKTP.KD.ZG,Qatar,QAT,11.9565611289086,19.5923315337859,13.3751764107929
GDP growth (annual %),NY.GDP.MKTP.KD.ZG,Romania,ROU,-5.51739440805439,-3.90123628018621,4.51708696433914
GDP growth (annual %),NY.GDP.MKTP.KD.ZG,Russian Federation,RUS,-7.79999391271275,4.49999999920672,4.30002918567749
GDP growth (annual %),NY.GDP.MKTP.KD.ZG,Rwanda,RWA,6.24826072258014,7.33464808968141,7.95839412691809
GDP growth (annual %),NY.GDP.MKTP.KD.ZG,Samoa,WSM,-0.541677601834593,6.1247199226125,3.84907794660396
GDP growth (annual %),NY.GDP.MKTP.KD.ZG,San Marino,SMR,-10.3209565764632,-5.47368421052632,-8.3147735708983
GDP growth (annual %),NY.GDP.MKTP.KD.ZG,Sao Tome and Principe,STP,3.30241414342119,1.44843400467023,1.99944950903044
GDP growth (annual %),NY.GDP.MKTP.KD.ZG,Saudi Arabia,SAU,-2.05924918904591,5.03949288842378,10.9937616282548
GDP growth (annual %),NY.GDP.MKTP.KD.ZG,Senegal,SEN,2.75210448455053,3.39088925336209,1.33409107961258
GDP growth (annual %),NY.GDP.MKTP.KD.ZG,Serbia,SRB,-2.73175198917728,0.73104455254213,2.0362766886403
GDP growth (annual %),NY.GDP.MKTP.KD.ZG,Seychelles,SYC,-2.47937594726137,4.50513204312067,9.5097833517957
GDP growth (annual %),NY.GDP.MKTP.KD.ZG,Sierra Leone,SLE,3.20943156226375,6.63749245827168,6.00983104607886
GDP growth (annual %),NY.GDP.MKTP.KD.ZG,Singapore,SGP,0.127953382778088,14.5197497108994,6.21493416858989
GDP growth (annual %),NY.GDP.MKTP.KD.ZG,Sint Maarten (Dutch part),SXM,..,3.19999402154491,4.60000299641921
GDP growth (annual %),NY.GDP.MKTP.KD.ZG,Slovak Republic,SVK,-5.45553286715979,6.71663274983085,2.67145277909515
GDP growth (annual %),NY.GDP.MKTP.KD.ZG,Slovenia,SVN,-7.54843779134178,1.34374847220215,0.861327732719303
GDP growth (annual %),NY.GDP.MKTP.KD.ZG,Solomon Islands,SLB,2.86426790167438,9.70838816928725,7.42994961675907
GDP growth (annual %),NY.GDP.MKTP.KD.ZG,Somalia,SOM,..,..,..
GDP growth (annual %),NY.GDP.MKTP.KD.ZG,South Africa,ZAF,-1.53808913525583,3.03973288127956,3.16855627858818
GDP growth (annual %),NY.GDP.MKTP.KD.ZG,South Sudan,SSD,5.04164187983342,5.49341639529945,-4.64031673600859
GDP growth (annual %),NY.GDP.MKTP.KD.ZG,Spain,ESP,-3.7631070424473,0.162919517758226,-0.814384776648922
GDP growth (annual %),NY.GDP.MKTP.KD.ZG,Sri Lanka,LKA,3.53891205317842,8.01596737040464,8.66948301160571
GDP growth (annual %),NY.GDP.MKTP.KD.ZG,St. Kitts and Nevis,KNA,-3.37930611341334,0.0439776540971621,1.61660730423688
GDP growth (annual %),NY.GDP.MKTP.KD.ZG,St. Lucia,LCA,-2.82889954830628,0.330018546071486,4.32694280532142
GDP growth (annual %),NY.GDP.MKTP.KD.ZG,St. Martin (French part),MAF,..,..,..
GDP growth (annual %),NY.GDP.MKTP.KD.ZG,St. Vincent and the Grenadines,VCT,-1.3781936056056,-4.47046793507802,-0.60627665148327
GDP growth (annual %),NY.GDP.MKTP.KD.ZG,Sudan,SDN,-2.76770436599138,3.85824195230107,-3.21353209253371
GDP growth (annual %),NY.GDP.MKTP.KD.ZG,Suriname,SUR,3.01369898266211,5.16882515225814,5.84936767173009
GDP growth (annual %),NY.GDP.MKTP.KD.ZG,Sweden,SWE,-4.33979057452935,5.95210700755608,3.1953332348894
GDP growth (annual %),NY.GDP.MKTP.KD.ZG,Switzerland,CHE,-2.29737463071545,3.24339733550173,1.81310819203695
GDP growth (annual %),NY.GDP.MKTP.KD.ZG,Syrian Arab Republic,SYR,5.91204279337705,5.19190584075331,2.8500028435797
GDP growth (annual %),NY.GDP.MKTP.KD.ZG,Tajikistan,TJK,3.90000114826496,6.49999908585235,7.40000059956709
GDP growth (annual %),NY.GDP.MKTP.KD.ZG,Tanzania,TZA,5.26910524874316,6.33652342667861,7.67215543487166
GDP growth (annual %),NY.GDP.MKTP.KD.ZG,Thailand,THA,-0.690618232300579,7.51339053261624,0.840132083053334
GDP growth (annual %),NY.GDP.MKTP.KD.ZG,Timor-Leste,TLS,10.1469544183475,9.33151176629212,5.95853971210654
GDP growth (annual %),NY.GDP.MKTP.KD.ZG,Togo,TGO,5.45382399431951,5.85435269284599,5.82325223894063
GDP growth (annual %),NY.GDP.MKTP.KD.ZG,Tonga,TON,-5.19910903711188,0.803490182523831,6.81827614447295
GDP growth (annual %),NY.GDP.MKTP.KD.ZG,Trinidad and Tobago,TTO,-4.3917292474614,3.32322471027371,-0.294354409043763
GDP growth (annual %),NY.GDP.MKTP.KD.ZG,Tunisia,TUN,3.04345012371552,2.97113275066512,-2.04663389535644
GDP growth (annual %),NY.GDP.MKTP.KD.ZG,Turkiye,TUR,-4.82315395301769,8.42710432276191,11.2001105833504
GDP growth (annual %),NY.GDP.MKTP.KD.ZG,Turkmenistan,TKM,6.10000011485643,9.19999998805483,14.6999999278723
GDP growth (annual %),NY.GDP.MKTP.KD.ZG,Turks and Caicos Islands,TCA,..,..,..
GDP growth (annual %),NY.GDP.MKTP.KD.ZG,Tuvalu,TUV,-6.25,-2.22222222222223,6.81818181818181
GDP growth (annual %),NY.GDP.MKTP.KD.ZG,Uganda,UGA,6.80151734860395,5.63761163749757,9.3916554927176
GDP growth (annual %),NY.GDP.MKTP.KD.ZG,Ukraine,UKR,-15.1364679101502,4.09200436668087,5.44528081048476
GDP growth (annual %),NY.GDP.MKTP.KD.ZG,United Arab Emirates,ARE,-5.24292190667536,1.60285004831225,6.21612181337187
GDP growth (annual %),NY.GDP.MKTP.KD.ZG,United Kingdom,GBR,-4.61495740242552,2.23868863381415,1.14510154098662
GDP growth (annual %),NY.GDP.MKTP.KD.ZG,United States,USA,-2.59988835108558,2.70885669419681,1.54989495017045
GDP growth (annual %),NY.GDP.MKTP.KD.ZG,Uruguay,URY,4.24349419462426,7.8034096507169,5.16213302463606
GDP growth (annual %),NY.GDP.MKTP.KD.ZG,Uzbekistan,UZB,8.05093332733964,7.5971679610016,7.52513989422977
GDP growth (annual %),NY.GDP.MKTP.KD.ZG,Vanuatu,VUT,3.03730354099602,1.25886720329326,3.13980290023412
GDP growth (annual %),NY.GDP.MKTP.KD.ZG,"Venezuela, RB",VEN,-3.20230265749002,-1.48879125078348,4.17642535923927
GDP growth (annual %),NY.GDP.MKTP.KD.ZG,Viet Nam,VNM,5.39789754014181,6.42324482239482,6.41316889681683
GDP growth (annual %),NY.GDP.MKTP.KD.ZG,Virgin Islands (U.S.),VIR,-6.59478885893981,0.596383224317051,-8.20424555364315
GDP growth (annual %),NY.GDP.MKTP.KD.ZG,West Bank and Gaza,PSE,8.59349087893864,5.77736205629419,9.60080848913594
GDP growth (annual %),NY.GDP.MKTP.KD.ZG,"Yemen, Rep.",YEM,3.86622951714142,7.7023070491292,-12.7148969007968
GDP growth (annual %),NY.GDP.MKTP.KD.ZG,Zambia,ZMB,9.2203484058663,10.2982233241213,5.56460233670752
GDP growth (annual %),NY.GDP.MKTP.KD.ZG,Zimbabwe,ZWE,12.0195599748423,21.4520609184971,14.6202072551987
GDP growth (annual %),NY.GDP.MKTP.KD.ZG,Africa Eastern and Southern,AFE,0.660371253952732,5.15723664348518,3.70185291381635
GDP growth (annual %),NY.GDP.MKTP.KD.ZG,Africa Western and Central,AFW,6.28412075163303,6.96928259860816,4.84881383868137
GDP growth (annual %),NY.GDP.MKTP.KD.ZG,Arab World,ARB,0.360015564214279,4.71373271098199,3.43211541310589
GDP growth (annual %),NY.GDP.MKTP.KD.ZG,Caribbean small states,CSS,-3.55949299732117,1.26530973237595,1.03910984971591
GDP growth (annual %),NY.GDP.MKTP.KD.ZG,Central Europe and the Baltics,CEB,-3.50665924188731,1.4354513276152,3.51315949573141
GDP growth (annual %),NY.GDP.MKTP.KD.ZG,Early-demographic dividend,EAR,0.637070238580577,6.48982850599829,4.91436653299189
GDP growth (annual %),NY.GDP.MKTP.KD.ZG,East Asia & Pacific,EAS,2.56043273917395,7.60985508493847,5.46170546387989
GDP growth (annual %),NY.GDP.MKTP.KD.ZG,East Asia & Pacific (excluding high income),EAP,7.98454114456446,9.92114148084026,8.64284262408385
GDP growth (annual %),NY.GDP.MKTP.KD.ZG,East Asia & Pacific (IDA & IBRD countries),TEA,7.98444068477586,9.92106971229126,8.64284926964002
GDP growth (annual %),NY.GDP.MKTP.KD.ZG,Euro area,EMU,-4.52109492701641,2.18020968862045,1.72268324109753
GDP growth (annual %),NY.GDP.MKTP.KD.ZG,Europe & Central Asia,ECS,-4.45788788445226,2.65891597941084,2.34716120464722
GDP growth (annual %),NY.GDP.MKTP.KD.ZG,Europe & Central Asia (excluding high income),ECA,-5.72776796450222,5.64122511398158,6.28585435116831
GDP growth (annual %),NY.GDP.MKTP.KD.ZG,Europe & Central Asia (IDA & IBRD countries),TEC,-4.6725468535618,4.63228845564356,5.9259471549508
GDP growth (annual %),NY.GDP.MKTP.KD.ZG,European Union,EUU,-4.34871036398609,2.22459488854896,1.90084248212767
GDP growth (annual %),NY.GDP.MKTP.KD.ZG,Fragile and conflict affected situations,FCS,2.85618505477916,6.91804355794365,-0.0853060671895776
GDP growth (annual %),NY.GDP.MKTP.KD.ZG,Heavily indebted poor countries (HIPC),HPC,3.23085678792295,5.9369615061631,3.91515576938701
GDP growth (annual %),NY.GDP.MKTP.KD.ZG,High income,HIC,-3.25703387552093,3.01381745678732,1.94645602076686
GDP growth (annual %),NY.GDP.MKTP.KD.ZG,IBRD only,IBD,2.7898799607225,7.80800367745466,6.3819073736048
GDP growth (annual %),NY.GDP.MKTP.KD.ZG,IDA & IBRD total,IBT,2.96166050093281,7.67028936534358,6.18835203300682
GDP growth (annual %),NY.GDP.MKTP.KD.ZG,IDA blend,IDB,6.01324205623177,5.95403797672927,4.61302081140533
GDP growth (annual %),NY.GDP.MKTP.KD.ZG,IDA only,IDX,3.92552176595289,6.32045982220264,3.48243659038204
GDP growth (annual %),NY.GDP.MKTP.KD.ZG,IDA total,IDA,4.89998986259943,6.14761302335754,4.0147779176823
GDP growth (annual %),NY.GDP.MKTP.KD.ZG,Late-demographic dividend,LTE,3.69611631273568,8.0138516562463,7.18526548705761
GDP growth (annual %),NY.GDP.MKTP.KD.ZG,Latin America & Caribbean,LCN,-2.28460315311422,6.37721915330121,4.38865732520475
GDP growth (annual %),NY.GDP.MKTP.KD.ZG,Latin America & Caribbean (excluding high income),LAC,-2.41230943406522,6.65909361419763,4.41760632371708
GDP growth (annual %),NY.GDP.MKTP.KD.ZG,Latin America & the Caribbean (IDA & IBRD countries),TLA,-2.33231073342466,6.67700082308882,4.56721108246698
GDP growth (annual %),NY.GDP.MKTP.KD.ZG,Least developed countries: UN classification,LDC,3.87830260411791,6.12731477375181,2.88264755866648
GDP growth (annual %),NY.GDP.MKTP.KD.ZG,Low & middle income,LMY,3.12323167672284,7.89690318833929,6.22942548495311
GDP growth (annual %),NY.GDP.MKTP.KD.ZG,Low income,LIC,3.42896992647279,6.68921669223531,0.340140614751888
GDP growth (annual %),NY.GDP.MKTP.KD.ZG,Lower middle income,LMC,4.69788011131998,6.59767631697834,4.53184786252936
GDP growth (annual %),NY.GDP.MKTP.KD.ZG,Middle East & North Africa,MEA,0.614830596255359,4.99913172500244,3.7383412887223
GDP growth (annual %),NY.GDP.MKTP.KD.ZG,Middle East & North Africa (excluding high income),MNA,2.61357000465206,5.24026038596791,-1.01020626665466
GDP growth (annual %),NY.GDP.MKTP.KD.ZG,Middle East & North Africa (IDA & IBRD countries),TMN,2.56739092328458,5.23586900777464,-1.0974090198451
GDP growth (annual %),NY.GDP.MKTP.KD.ZG,Middle income,MIC,3.11694630016841,7.92180597181311,6.34947697828025
GDP growth (annual %),NY.GDP.MKTP.KD.ZG,North America,NAC,-2.62692567625827,2.7364025071186,1.67322081873648
GDP growth (annual %),NY.GDP.MKTP.KD.ZG,Not classified,INX,..,..,..
GDP growth (annual %),NY.GDP.MKTP.KD.ZG,OECD members,OED,-3.40575107530179,2.9739619894019,1.87313027307219
GDP growth (annual %),NY.GDP.MKTP.KD.ZG,Other small states,OSS,1.56203574515565,8.68347569275181,7.55956953187268
GDP growth (annual %),NY.GDP.MKTP.KD.ZG,Pacific island small states,PSS,-0.561576566239509,3.71656868172691,3.84963034350901
GDP growth (annual %),NY.GDP.MKTP.KD.ZG,Post-demographic dividend,PST,-3.40042388034163,2.91525391068213,1.66084365249475
GDP growth (annual %),NY.GDP.MKTP.KD.ZG,Pre-demographic dividend,PRE,4.61509648169715,6.46263035741343,4.01918323165886
GDP growth (annual %),NY.GDP.MKTP.KD.ZG,Small states,SST,0.468042741227137,7.11991230627504,6.27180405013921
GDP growth (annual %),NY.GDP.MKTP.KD.ZG,South Asia,SAS,6.94924654017409,7.36578664301632,5.07074944711401
GDP growth (annual %),NY.GDP.MKTP.KD.ZG,South Asia (IDA & IBRD),TSA,6.94924654017409,7.36578664301632,5.07074944711401
GDP growth (annual %),NY.GDP.MKTP.KD.ZG,Sub-Saharan Africa,SSF,2.99306508419302,5.93287875872339,4.19761019971551
GDP growth (annual %),NY.GDP.MKTP.KD.ZG,Sub-Saharan Africa (excluding high income),SSA,2.99777560214297,5.93404236851892,4.1933391906358
GDP growth (annual %),NY.GDP.MKTP.KD.ZG,Sub-Saharan Africa (IDA & IBRD countries),TSS,2.99306508419299,5.93287875872342,4.1976101997155
GDP growth (annual %),NY.GDP.MKTP.KD.ZG,Upper middle income,UMC,2.66406836433227,8.30863352842661,6.87208590605812
GDP growth (annual %),NY.GDP.MKTP.KD.ZG,World,WLD,-1.3649194203979,4.52779448395168,3.31717083697696
,,,,,,
,,,,,,
,,,,,,
Data from database: World Development Indicators,,,,,,
Last Updated: 12/18/2023,,,,,,
